Player,Attempts,Saves,Actual_Save_Rate,SO_Rating
Marc-Andre Fleury\fleurma01,266,195,0.7330827067669173,99.0
Semyon Varlamov\varlasi01,164,122,0.7439024390243902,97.95139797332523
Pekka Rinne\rinnepe01,283,206,0.7279151943462897,97.20734711800603
Antti Niemi\niemian02,245,178,0.726530612244898,96.72702411297382
Andrei Vasilevskiy\vasilan02,64,54,0.84375,95.69649410769597
Corey Crawford\crawfco01,194,140,0.7216494845360825,94.46496968877526
Tuukka Rask\rasktu01,230,165,0.717391304347826,93.55652246585318
Thomas Greiss\greisth01,96,74,0.7708333333333334,93.36527041892222
Ryan Miller\millery01,248,177,0.7137096774193549,92.27933557465091
Anton Khudobin\khudoan01,64,52,0.8125,92.227411237497
Petr Mrazek\mrazepe01,91,70,0.7692307692307693,92.21180036458111
Martin Jones\jonesma02,87,67,0.7701149425287356,91.635932608128
Carey Price\priceca01,192,137,0.7135416666666666,91.57522365789954
Jacob Markstrom\marksja02,121,88,0.7272727272727273,88.7253720800311
Henrik Lundqvist\lundqhe01,276,194,0.7028985507246377,88.5288661322315
Jhonas Enroth\enrotjh01,73,55,0.7534246575342466,87.0185833078932
Sergei Bobrovsky\bobrose01,163,115,0.7055214723926381,86.96654706484021
Kari Lehtonen\lehtoka01,186,130,0.6989247311827957,86.3750684354713
Jimmy Howard\howarja02,234,163,0.6965811965811965,86.33732362783229
Eddie Lack\lacked01,44,35,0.7954545454545454,85.87898958503284
Malcolm Subban\subbama01,19,18,0.9473684210526315,85.31526361862551
David Rittich\rittida01,31,26,0.8387096774193549,85.3083254528851
Louis Domingue\dominlo01,34,28,0.8235294117647058,85.30659091145003
Tim Thomas\thomati01,139,98,0.7050359712230215,85.2458819612215
Jonathan Quick\quickjo01,293,203,0.6928327645051194,85.03696147730993
Johan Hedberg\hedbejo01,81,59,0.7283950617283951,84.70123595060032
Josh Harding\hardijo01,53,40,0.7547169811320755,84.13924452562806
Jake Allen\allenja01,80,58,0.725,84.12363365271213
Linus Ullmark\ullmali01,25,21,0.84,83.57725310065584
James Reimer\reimeja01,145,101,0.696551724137931,83.50787144325183
Jaroslav Halak\halakja01,224,154,0.6875,83.18698127775843
Antero Niittymaki\niittan01,45,34,0.7555555555555555,82.98750901272203
Ben Scrivens\scrivbe01,63,46,0.7301587301587301,82.97710176411141
Jonas Hiller\hillejo01,189,130,0.6878306878306878,82.90425102383719
Brent Johnson\johnsbr02,22,18,0.8181818181818182,81.84444620699142
Mikko Koskinen\koskimi01,28,22,0.7857142857142857,81.84097712412124
Ben Bishop\bishobe01,160,110,0.6875,81.76465730097686
Jordan Binnington\binnijo01,21,17,0.8095238095238095,81.26684390910333
Anders Lindback\lindban01,27,21,0.7777777777777778,81.2633748262331
Mackenzie Blackwood\blackma01,48,35,0.7291666666666666,81.25123303618744
Carter Hart\hartca01,23,18,0.782608695652174,80.68750706978008
Dan Ellis\ellisda01,59,42,0.711864406779661,80.6666925725589
Connor Hellebuyck\helleco01,59,42,0.711864406779661,80.6666925725589
John Gibson\gibsojo02,74,52,0.7027027027027027,80.65801986538338
Evgeni Nabokov\nabokev01,155,106,0.6838709677419355,80.6111872466357
Craig Anderson\andercr01,215,146,0.6790697674418604,80.26246374183488
Reto Berra\berrare01,34,25,0.7352941176470589,80.10296660615158
Jeff Deslauriers\drouije01,40,29,0.725,80.0994975232814
Jonas Gustavsson\gustajo01,58,41,0.7068965517241379,80.08909027467077
Braden Holtby\holtbbr01,175,119,0.68,80.02144315870191
Niklas Svedberg\svedbni01,9,8,0.8888888888888888,79.53924063974425
Tristan Jarry\jarrytr01,15,12,0.8,79.53577155687407
Thatcher Demko\demkoth01,18,14,0.7777777777777778,79.53403701543891
Viktor Fasth\fasthvi01,54,38,0.7037037037037037,79.51322251821773
Dwayne Roloson\rolosdw01,105,72,0.6857142857142857,79.48373531382104
Mikael Tellqvist\tellqmi01,8,7,0.875,78.96163834185612
Garret Sparks\sparkga01,11,9,0.8181818181818182,78.95990380042099
Sam Montembeault\montesa01,17,13,0.7647058823529411,78.95643471755082
Manny Legace\legacma01,29,21,0.7241379310344828,78.94949655181041
Joonas Korpisalo\korpijo01,32,23,0.71875,78.9477620103753
Chris Mason\masonch02,71,49,0.6901408450704225,78.92521297171902
Charlie Lindgren\lindgch01,7,6,0.8571428571428571,78.38403604396797
Dany Sabourin\sabouda01,19,14,0.7368421052631579,78.37709787822756
Matt Murray\murrama02,34,24,0.7058823529411765,78.36842517105208
Chad Johnson\johnsch02,43,30,0.6976744186046512,78.36322154674679
Alex Stalock\staloal01,61,42,0.6885245901639344,78.35281429813617
Pavel Francouz\francpa01,3,3,1.0,77.80816828751495
Nathan Lieuwen\lieuwna01,9,7,0.7777777777777778,77.80469920464476
Steve Valiquette\valiqst01,12,9,0.75,77.80296466320965
Calvin Pickard\pickaca01,21,15,0.7142857142857143,77.79776103890435
Keith Kinkaid\kinkake01,45,31,0.6888888888888889,77.78388470742358
Alex Auld\auldal01,48,33,0.6875,77.78215016598847
Michal Neuvirth\neuvimi01,105,71,0.6761904761904762,77.7491938787216
Peter Budaj\budajpe01,111,75,0.6756756756756757,77.74572479585137
Calvin Petersen\peterca01,2,2,1.0,77.23056598962685
Wade Dubielewicz\dubiewa01,2,2,1.0,77.23056598962685
Rob Zepp\zeppro01,2,2,1.0,77.23056598962685
Adin Hill\hillad01,8,6,0.75,77.22709690675663
Aaron Dell\dellaa01,11,8,0.7272727272727273,77.2253623653215
Curtis Joseph\josepcu01,11,8,0.7272727272727273,77.2253623653215
Andrew Raycroft\raycran01,23,16,0.6956521739130435,77.21842419958111
Scott Darling\darlisc01,32,22,0.6875,77.21322057527581
Andrew Hammond\hammoan01,38,26,0.6842105263157895,77.20975149240563
Brian Elliott\elliobr01,194,130,0.6701030927835051,77.11955533778041
Martin Gerber\gerbema01,4,3,0.75,76.65122915030359
Michael Leighton\leighmi01,10,7,0.7,76.64776006743341
Kevin Poulin\poulike01,19,13,0.6842105263157895,76.64255644312811
Alexandar Georgiev\georgal01,22,15,0.6818181818181818,76.64082190169296
Joey MacDonald\macdojo01,37,25,0.6756756756756757,76.6321491945175
Jean-Francois Berube\berubje02,3,2,0.6666666666666666,76.07362685241546
Jared Coreau\coreaja01,3,2,0.6666666666666666,76.07362685241546
Maxime Lagace\lagacma01,3,2,0.6666666666666666,76.07362685241546
Eddie Pasquale\pasqued01,3,2,0.6666666666666666,76.07362685241546
Kevin Weekes\weekeke01,6,4,0.6666666666666666,76.07189231098039
Curtis Sanford\sanfocu01,15,10,0.6666666666666666,76.06668868667509
Fredrik Norrena\norrefr01,2,1,0.5,75.49602455452735
Jonas Johansson\johanjo03,2,1,0.5,75.49602455452735
Cal Heeter\heeteca01,2,1,0.5,75.49602455452735
Connor Knapp\knappco01,2,1,0.5,75.49602455452735
Jeremy Smith\smithje02,2,1,0.5,75.49602455452735
Matt Hackett\hackema01,5,3,0.6,75.49429001309224
Richard Bachman\bachmri01,8,5,0.625,75.49255547165714
Rick DiPietro\dipieri01,20,13,0.65,75.48561730591673
Michael Hutchinson\hutchmi01,29,19,0.6551724137931034,75.48041368161144
Chris Osgood\osgooch01,29,19,0.6551724137931034,75.48041368161144
Juuse Saros\sarosju01,50,33,0.66,75.46827189156578
Karri Ramo\ramoka01,53,35,0.660377358490566,75.46653735013066
Mike Condon\condomi01,53,35,0.660377358490566,75.46653735013066
Darcy Kuemper\kuempda01,62,41,0.6612903225806451,75.46133372582534
Martin Brodeur\brodema01,104,69,0.6634615384615384,75.43705014573393
Casey DeSmith\desmica01,7,4,0.5714285714285714,74.91495317376899
Elvis Merzlikins\merzlel01,19,12,0.631578947368421,74.9080150080286
Mathieu Garon\garonma01,43,28,0.6511627906976745,74.89413867654783
Anders Nilsson\nilssan01,43,28,0.6511627906976745,74.89413867654783
Tomas Vokoun\vokouto01,85,56,0.6588235294117647,74.86985509645638
Manny Fernandez\fernama01,9,5,0.5555555555555556,74.33561633444579
Pheonix Copley\copleph01,12,7,0.5833333333333334,74.33388179301068
Philipp Grubauer\grubaph01,45,29,0.6444444444444445,74.3148018372246
Justin Pogge\poggeju01,2,0,0.0,73.76148311942787
Matt Climie\climima01,2,0,0.0,73.76148311942787
Kaapo Kahkonen\kahkoka01,2,0,0.0,73.76148311942787
Joni Ortio\ortiojo01,5,2,0.4,73.75974857799277
Ilya Samsonov\samsoil01,5,2,0.4,73.75974857799277
Henrik Karlsson\karlshe01,11,6,0.5454545454545454,73.75627949512254
Marcus Hogberg\hogbema01,14,8,0.5714285714285714,73.75454495368747
Patrick Lalime\lalimpa01,23,14,0.6086956521739131,73.74934132938216
Dustin Tokarski\tokardu01,29,18,0.6206896551724138,73.74587224651195
Curtis McElhinney\mcelhcu01,38,24,0.631578947368421,73.74066862220666
Martin Biron\bironma01,41,26,0.6341463414634146,73.73893408077159
Cristobal Huet\huetcr01,50,32,0.64,73.73373045646629
Frederik Andersen\anderfr01,137,90,0.656934306569343,73.68342875484838
Marek Mazanec\mazanma01,10,5,0.5,73.17867719723444
Anton Forsberg\forsban01,16,9,0.5625,73.17520811436425
Marty Turco\turcoma01,109,71,0.6513761467889908,73.12143732987613
Leland Irving\irvinle01,6,2,0.3333333333333333,72.60280944078141
Jeff Zatkoff\zatkoje01,6,2,0.3333333333333333,72.60280944078141
Nathan Lawson\lawsona01,6,2,0.3333333333333333,72.60280944078141
Anthony Stolarz\stolaan01,9,4,0.4444444444444444,72.6010748993463
Jack Campbell\campbja01,9,4,0.4444444444444444,72.6010748993463
Cam Ward\wardca01,165,108,0.6545454545454545,72.51087874472108
Devan Dubnyk\dubnyde01,170,111,0.6529411764705882,71.9298073639628
Steve Mason\masonst01,229,150,0.6550218340611353,71.92003636635894
Pascal Leclaire\leclapa01,13,6,0.46153846153846156,71.44240122069988
Ray Emery\emeryra01,49,30,0.6122448979591837,71.42158672347867
Laurent Brossoit\brossla01,18,9,0.5,70.86132983994152
Brian Boucher\bouchbr01,33,19,0.5757575757575758,70.852657132766
Erik Ersberg\ersbeer01,36,21,0.5833333333333334,70.8509225913309
Carter Hutton\huttoca01,72,45,0.625,70.83010809410972
Yann Danis\danisya01,8,2,0.25,70.28893116635868
Scott Clemmensen\clemmsc01,83,52,0.6265060240963856,70.24556763048122
Roberto Luongo\luongro01,290,188,0.6482758620689655,69.57980277827109
Ty Conklin\conklty01,33,18,0.5454545454545454,69.11811569766652
Jonathan Bernier\bernijo01,128,81,0.6328125,68.48500807385523
Jose Theodore\theodjo01,94,58,0.6170212765957447,67.92648573175319
Cory Schneider\schneco01,151,96,0.6357615894039735,67.8935294444863
Ondrej Pavelec\pavelon01,166,106,0.6385542168674698,67.88485673731076
Justin Peters\peterju01,18,7,0.3888888888888889,67.39224696974254
Vesa Toskala\toskave01,33,17,0.5151515151515151,67.38357426256704
Antti Raanta\raantan01,48,27,0.5625,67.37490155539156
Miikka Kiprusoff\kiprumi01,129,81,0.627906976744186,67.32806893664387
Al Montoya\montoal01,56,32,0.5714285714285714,66.79209563319813
Nikolai Khabibulin\khabini01,71,42,0.5915492957746479,66.78342292602261
Cam Talbot\talboca01,76,45,0.5921052631578947,66.20235154526429
Jason LaBarbera\labarja01,68,38,0.5588235294117647,63.31607459725878
Jean-Sebastien Giguere\gigueje01,55,28,0.509090909090909,61.01086903001153
Ilya Bryzgalov\bryzgil01,163,100,0.6134969325153374,60.94842553834796
Niklas Backstrom\backsni01,135,80,0.5925925925925926,58.651892678276255
Mike Smith\smithmi01,208,124,0.5961538461538461,51.49824352113323
Robin Lehner\lehnero01,99,51,0.5151515151515151,50.0
